<?xml version="1.0" encoding="UTF-8"?>
<project-private xmlns="http://www.netbeans.org/ns/project-private/1">
    <editor-bookmarks xmlns="http://www.netbeans.org/ns/editor-bookmarks/2" lastBookmarkId="0"/>
    <open-files xmlns="http://www.netbeans.org/ns/projectui-open-files/2">
        <group>
            <file>file:/C:/Users/damnd/OneDrive/Desktop/PDC_Assignment2_Sem2/src/pdc_assignment2_sem2/SpanishQuiz.java</file>
            <file>file:/C:/Users/damnd/OneDrive/Desktop/PDC_Assignment2_Sem2/src/pdc_assignment2_sem2/Vocab.java</file>
            <file>file:/C:/Users/damnd/OneDrive/Desktop/PDC_Assignment2_Sem2/src/pdc_assignment2_sem2/KoreanQuiz.java</file>
            <file>file:/C:/Users/damnd/OneDrive/Desktop/PDC_Assignment2_Sem2/src/pdc_assignment2_sem2/LearnWordsScreen.java</file>
            <file>file:/C:/Users/damnd/OneDrive/Desktop/PDC_Assignment2_Sem2/src/pdc_assignment2_sem2/VocabApp.java</file>
            <file>file:/C:/Users/damnd/OneDrive/Desktop/PDC_Assignment2_Sem2/src/pdc_assignment2_sem2/Quiz.java</file>
            <file>file:/C:/Users/damnd/OneDrive/Desktop/PDC_Assignment2_Sem2/src/pdc_assignment2_sem2/User.java</file>
            <file>file:/C:/Users/damnd/OneDrive/Desktop/PDC_Assignment2_Sem2/src/pdc_assignment2_sem2/HindiQuiz.java</file>
        </group>
    </open-files>
</project-private>
